symbol,name,exchange,index,isin
0001.KL,SUPERCOMNET TECHNOLOGIES BERHAD,XKLS,,
0002.KL,KOTRA INDUSTRIES BERHAD,XKLS,,
0005.KL,UCREST BERHAD,XKLS,,
0006.KL,PINEAPPLE RESOURCES BERHAD,XKLS,,
0007.KL,PUC BERHAD,XKLS,,
0008.KL,WILLOWGLEN MSC BERHAD,XKLS,,
0010.KL,IRIS GROUP BERHAD,XKLS,,
0011.KL,BRITE-TECH BERHAD,XKLS,,
0012.KL,THREE-A RESOURCES BERHAD,XKLS,,
0017.KL,NOVA TECHNOLOGY SERVICES BERHAD,XKLS,,
0018.KL,LAMBO GROUP BERHAD,XKLS,,
0020.KL,NETX HOLDINGS BERHAD,XKLS,,
0022.KL,PARLO BERHAD,XKLS,,
0023.KL,IFCA MSC BERHAD,XKLS,,
0024.KL,JAG BERHAD,XKLS,,
0025.KL,YBS INTERNATIONAL BERHAD,XKLS,,
0026.KL,NOVA MSC BERHAD,XKLS,,
0028.KL,SCOPE INDUSTRIES BERHAD,XKLS,,
0029.KL,DIGISTAR CORPORATION BERHAD,XKLS,,
0032.KL,REDTONE DIGITAL BERHAD,XKLS,,
0034.KL,MMAG HOLDINGS BERHAD,XKLS,,
0035.KL,HEXTAR CAPITAL BERHAD,XKLS,,
0036.KL,KEY ALLIANCE GROUP BERHAD,XKLS,,
0037.KL,RGB INTERNATIONAL BHD,XKLS,,
0038.KL,ARTRONIQ BERHAD,XKLS,,
0039.KL,GFM SERVICES BERHAD,XKLS,,
0040.KL,OPENSYS (M) BERHAD,XKLS,,
0041.KL,HONG SENG CONSOLIDATED BERHAD,XKLS,,
0043.KL,METRONIC GLOBAL BERHAD,XKLS,,
0045.KL,SOUTHERN SCORE BUILDERS BERHAD,XKLS,,
0048.KL,ANCOM LOGISTICS BERHAD,XKLS,,
0049.KL,OCEANCASH PACIFIC BERHAD,XKLS,,
0050.KL,SYSTECH BHD,XKLS,,
0051.KL,CUSCAPI BERHAD,XKLS,,
0053.KL,OSK VENTURES INTERNATIONAL BERHAD,XKLS,,
0054.KL,KARYON INDUSTRIES BERHAD,XKLS,,
0055.KL,SERSOL BERHAD,XKLS,,
0056.KL,NCT ALLIANCE BERHAD,XKLS,,
0058.KL,JCBNEXT BERHAD,XKLS,,
0059.KL,ECOBUILT HOLDINGS BERHAD,XKLS,,
0060.KL,HARVEST MIRACLE CAPITAL BERHAD,XKLS,,
0064.KL,EFFICIENT E-SOLUTIONS BERHAD,XKLS,,
0065.KL,EXCEL FORCE MSC BERHAD,XKLS,,
0066.KL,VSOLAR GROUP BERHAD,XKLS,,
0068.KL,ASDION BERHAD,XKLS,,
0069.KL,VINVEST CAPITAL HOLDINGS BERHAD,XKLS,,
0070.KL,MQ TECHNOLOGY BERHAD,XKLS,,
0072.KL,ERDASAN GROUP BERHAD,XKLS,,
0074.KL,GREEN OCEAN CORPORATION BERHAD,XKLS,,
0075.KL,LYC HEALTHCARE BERHAD,XKLS,,
0078.KL,GDEX BERHAD,XKLS,,
0079.KL,ALDRICH RESOURCES BERHAD,XKLS,,
0080.KL,STRAITS ENERGY RESOURCES BERHAD,XKLS,,
0081.KL,REKATECH CAPITAL BERHAD,XKLS,,
0082.KL,GREEN PACKET BERHAD,XKLS,,
0083.KL,NOTION VTEC BERHAD,XKLS,,
0084.KL,FAST ENERGY HOLDINGS BERHAD,XKLS,,
0085.KL,MLABS SYSTEMS BERHAD,XKLS,,
0086.KL,YGL CONVERGENCE BERHAD,XKLS,,
0089.KL,TEX CYCLE TECHNOLOGY (M) BERHAD,XKLS,,
0090.KL,ELSOFT RESEARCH BERHAD,XKLS,,
0091.KL,PROPEL GLOBAL BERHAD,XKLS,,
0092.KL,MTOUCHE TECHNOLOGY BERHAD,XKLS,,
0093.KL,SOLUTION GROUP BERHAD,XKLS,,
0094.KL,ZEN TECH INTERNATIONAL BERHAD,XKLS,,
0095.KL,MAG HOLDINGS BERHAD,XKLS,,
0096.KL,NEXGRAM HOLDINGS BERHAD,XKLS,,
0097.KL,VITROX CORPORATION BERHAD,XKLS,,MYL0097OO007
0098.KL,AUMAS RESOURCES BERHAD,XKLS,,
0099.KL,SCICOM (MSC) BERHAD,XKLS,,
0100.KL,ES CERAMICS TECHNOLOGY BHD,XKLS,,
0101.KL,TMC LIFE SCIENCES BERHAD,XKLS,,
0102.KL,WAJA KONSORTIUM BERHAD,XKLS,,
0103.KL,M N C WIRELESS BERHAD,XKLS,,
0104.KL,GENETEC TECHNOLOGY BERHAD,XKLS,,
0105.KL,ASIA POLY HOLDINGS BERHAD,XKLS,,
0106.KL,OPENMOVE AI BERHAD,XKLS,,
0107.KL,EDUSPEC HOLDINGS BERHAD,XKLS,,
0108.KL,N2N CONNECT BERHAD,XKLS,,
0109.KL,SC ESTATE BUILDER BERHAD,XKLS,,
0111.KL,K-ONE TECHNOLOGY BERHAD,XKLS,,
0112.KL,MIKRO MSC BERHAD,XKLS,,
0113.KL,MMS VENTURES BERHAD,XKLS,,
0116.KL,FOCUS DYNAMICS GROUP BERHAD,XKLS,,
0117.KL,SMRT HOLDINGS BERHAD,XKLS,,
0118.KL,TRIVE PROPERTY GROUP BERHAD,XKLS,,
0119.KL,APPASIA BERHAD,XKLS,,
0120.KL,VISDYNAMICS HOLDINGS BERHAD,XKLS,,
0122.KL,ADVANCE INFORMATION MARKETING BERHAD,XKLS,,
0123.KL,PRIVASIA TECHNOLOGY BERHAD,XKLS,,
0126.KL,MICROLINK SOLUTIONS BERHAD,XKLS,,
0127.KL,JHM CONSOLIDATION BERHAD,XKLS,,
0128.KL,FRONTKEN CORPORATION BERHAD,XKLS,,
0129.KL,SILVER RIDGE HOLDINGS BHD,XKLS,,
0131.KL,DIVFEX BERHAD,XKLS,,
0132.KL,TECHNODEX BHD,XKLS,,
0133.KL,SANICHI TECHNOLOGY BERHAD,XKLS,,
0136.KL,GREENYIELD BERHAD,XKLS,,
0138.KL,ZETRIX AI BERHAD,XKLS,,
0140.KL,XOX NETWORKS BERHAD,XKLS,,
0143.KL,KEY ASIC BERHAD,XKLS,,
0145.KL,TFP SOLUTIONS BERHAD,XKLS,,
0146.KL,JF TECHNOLOGY BERHAD,XKLS,,
0147.KL,INNITY CORPORATION BERHAD,XKLS,,
0148.KL,SUNZEN GROUP BERHAD,XKLS,,
0149.KL,FIBON BERHAD,XKLS,,
0150.KL,FINTEC GLOBAL BERHAD,XKLS,,
0151.KL,KELINGTON GROUP BERHAD,XKLS,,
0152.KL,DGB ASIA BERHAD,XKLS,,
0153.KL,OVERSEA ENTERPRISE BERHAD,XKLS,,
0154.KL,EA HOLDINGS BERHAD,XKLS,,
0155.KL,MALAYSIAN GENOMICS RESOURCE CENTRE BERHAD,XKLS,,
0156.KL,MANAGEPAY SYSTEMS BERHAD,XKLS,,
0157.KL,FOCUS POINT HOLDINGS BERHAD,XKLS,,
0158.KL,SCC HOLDINGS BERHAD,XKLS,,
0159.KL,MMM GROUP BERHAD,XKLS,,
0160.KL,HIAP HUAT HOLDINGS BERHAD,XKLS,,
0161.KL,HEXTAR INDUSTRIES BERHAD,XKLS,,
0162.KL,WIDAD GROUP BERHAD,XKLS,,
0163.KL,CAREPLUS GROUP BERHAD,XKLS,,
0165.KL,XOX BHD,XKLS,,
0166.KL,INARI AMERTRON BERHAD,XKLS,,MYL0166OO000
0167.KL,MCLEAN TECHNOLOGIES BERHAD,XKLS,,
0168.KL,BM GREENTECH BERHAD,XKLS,,
0169.KL,SMTRACK BERHAD,XKLS,,
0170.KL,KANGER INTERNATIONAL BERHAD,XKLS,,
0171.KL,PETERLABS HOLDINGS BERHAD,XKLS,,
0172.KL,OCK GROUP BERHAD,XKLS,,
0173.KL,CATCHA DIGITAL BERHAD,XKLS,,
0174.KL,EVD BERHAD,XKLS,,
0175.KL,HHRG BERHAD,XKLS,,
0176.KL,KRONOLOGI ASIA BERHAD,XKLS,,
0177.KL,MIDTOWN GROUP BERHAD,XKLS,,
0178.KL,SEDANIA INNOVATOR BERHAD,XKLS,,
0179.KL,BIOALPHA HOLDINGS BERHAD,XKLS,,
0180.KL,KIM TECK CHEONG CONSOLIDATED BERHAD,XKLS,,
0181.KL,AEMULUS HOLDINGS BERHAD,XKLS,,
0182.KL,LKL INTERNATIONAL BERHAD,XKLS,,
0183.KL,SALUTICA BERHAD,XKLS,,
0185.KL,HSS ENGINEERS BERHAD,XKLS,,
0186.KL,PERAK TRANSIT BERHAD,XKLS,,
0187.KL,BCM ALLIANCE BERHAD,XKLS,,
0188.KL,HLT GLOBAL BERHAD,XKLS,,
0189.KL,MATANG BERHAD,XKLS,,
0190.KL,EVERSAFE RUBBER BERHAD,XKLS,,
0191.KL,CABNET HOLDINGS BERHAD,XKLS,,
0192.KL,INTA BINA GROUP BERHAD,XKLS,,
0193.KL,KINERGY ADVANCEMENT BERHAD,XKLS,,
0195.KL,BINASAT COMMUNICATIONS BERHAD,XKLS,,
0196.KL,QES GROUP BERHAD,XKLS,,
0197.KL,WEGMANS HOLDINGS BERHAD,XKLS,,
0198.KL,GDB HOLDINGS BERHAD,XKLS,,
0199.KL,TRI-MODE SYSTEM (M) BERHAD,XKLS,,
0200.KL,REVENUE GROUP BERHAD,XKLS,,
0201.KL,NOVA WELLNESS GROUP BERHAD,XKLS,,
0202.KL,RADIANT GLOBALTECH BERHAD,XKLS,,
0203.KL,SECUREMETRIC BERHAD,XKLS,,
0205.KL,DPI HOLDINGS BERHAD,XKLS,,
0206.KL,GAGASAN NADI CERGAS BERHAD,XKLS,,
0207.KL,MESTRON HOLDINGS BERHAD,XKLS,,
0208.KL,GREATECH TECHNOLOGY BERHAD,XKLS,,
0209.KL,AIMFLEX BERHAD,XKLS,,
0210.KL,KIM HIN JOO (MALAYSIA) BERHAD,XKLS,,
0211.KL,TASHIN HOLDINGS BERHAD,XKLS,,
0212.KL,SDS GROUP BERHAD,XKLS,,
0213.KL,MTAG GROUP BERHAD,XKLS,,
0215.KL,SOLARVEST HOLDINGS BERHAD,XKLS,,
0216.KL,SPRING ART HOLDINGS BERHAD,XKLS,,
0217.KL,POWERWELL HOLDINGS BERHAD,XKLS,,
0218.KL,ACO GROUP BERHAD,XKLS,,
0219.KL,RESERVOIR LINK ENERGY BHD,XKLS,,
0220.KL,OCEAN VANTAGE HOLDINGS BERHAD,XKLS,,
0221.KL,TCS GROUP HOLDINGS BERHAD,XKLS,,
0222.KL,OPTIMAX HOLDINGS BERHAD,XKLS,,
0223.KL,SAMAIDEN GROUP BERHAD,XKLS,,
0225.KL,SOUTHERN CABLE GROUP BERHAD,XKLS,,
0226.KL,ANEKA JARINGAN HOLDINGS BERHAD,XKLS,,
0227.KL,ECONFRAME BERHAD,XKLS,,
0228.KL,HPP HOLDINGS BERHAD,XKLS,,
0229.KL,MOBILIA HOLDINGS BERHAD,XKLS,,
0230.KL,TELADAN GROUP BERHAD,XKLS,,
0231.KL,FLEXIDYNAMIC HOLDINGS BERHAD,XKLS,,
0232.KL,VOLCANO BERHAD,XKLS,,
0233.KL,PEKAT GROUP BERHAD,XKLS,,
0235.KL,NESTCON BERHAD,XKLS,,
0236.KL,RAMSSOL GROUP BERHAD,XKLS,,
0237.KL,HAILY GROUP BERHAD,XKLS,,
0238.KL,CEKD BERHAD,XKLS,,
0239.KL,ECOMATE HOLDINGS BERHAD,XKLS,,
0240.KL,CORAZA INTEGRATED TECHNOLOGY BERHAD,XKLS,,
0241.KL,TAGHILL HOLDINGS BERHAD,XKLS,,
0242.KL,PAPPAJACK BERHAD,XKLS,,
0243.KL,CENGILD MEDICAL BERHAD,XKLS,,
0245.KL,MN HOLDINGS BERHAD,XKLS,,
0246.KL,CNERGENZ BERHAD,XKLS,,
0247.KL,UNITRADE INDUSTRIES BERHAD,XKLS,,
0248.KL,YEW LEE PACIFIC GROUP BERHAD,XKLS,,
0249.KL,LGMS BERHAD,XKLS,,
0250.KL,YX PRECIOUS METALS BHD,XKLS,,
0251.KL,SFP TECH HOLDINGS BERHAD,XKLS,,
0252.KL,ORGABIO HOLDINGS BERHAD,XKLS,,
0253.KL,INFOLINE TEC GROUP BERHAD,XKLS,,
0255.KL,ECOSCIENCE INTERNATIONAL BERHAD,XKLS,,
0256.KL,UMEDIC GROUP BERHAD,XKLS,,
0257.KL,UNIQUE FIRE HOLDINGS BERHAD,XKLS,,
0258.KL,AGMO HOLDINGS BERHAD,XKLS,,
0259.KL,SNS NETWORK TECHNOLOGY BERHAD,XKLS,,
0260.KL,PT RESOURCES HOLDINGS BERHAD,XKLS,,
0261.KL,COSMOS TECHNOLOGY INTERNATIONAL BERHAD,XKLS,,
0262.KL,SUNVIEW GROUP BERHAD,XKLS,,
0263.KL,BETAMEK BERHAD,XKLS,,
0265.KL,INFOMINA BERHAD,XKLS,,
0266.KL,LEFORM BERHAD,XKLS,,
0267.KL,ECA INTEGRATED SOLUTION BERHAD,XKLS,,
0268.KL,L&P GLOBAL BERHAD,XKLS,,
0269.KL,DS SIGMA HOLDINGS BERHAD,XKLS,,
0270.KL,NATIONGATE HOLDINGS BERHAD,XKLS,,
0271.KL,WELLSPIRE HOLDINGS BERHAD,XKLS,,
0272.KL,TT VISION HOLDINGS BERHAD,XKLS,,
0273.KL,VESTLAND BERHAD,XKLS,,
0275.KL,OPPSTAR BERHAD,XKLS,,
0276.KL,AUTOCOUNT DOTCOM BERHAD,XKLS,,
0277.KL,CLOUDPOINT TECHNOLOGY BERHAD,XKLS,,
0278.KL,EDELTEQ HOLDINGS BERHAD,XKLS,,
0279.KL,SYNERGY HOUSE BERHAD,XKLS,,
0280.KL,MYMBN BERHAD,XKLS,,
0281.KL,DAYTHREE DIGITAL BERHAD,XKLS,,
0282.KL,KGW GROUP BERHAD,XKLS,,
0283.KL,DC HEALTHCARE HOLDINGS BERHAD,XKLS,,
0284.KL,GLOSTREXT BERHAD,XKLS,,
0285.KL,MERCURY SECURITIES GROUP BERHAD,XKLS,,
0286.KL,EVERGREEN MAX CASH CAPITAL BERHAD,XKLS,,
0287.KL,SSF HOME GROUP BERHAD,XKLS,,
0288.KL,MINOX INTERNATIONAL GROUP BERHAD,XKLS,,
0289.KL,PLYTEC HOLDING BERHAD,XKLS,,
0290.KL,PANDA ECO SYSTEM BERHAD,XKLS,,
0291.KL,CRITICAL HOLDINGS BERHAD,XKLS,,
0292.KL,JATI TINGGI GROUP BERHAD,XKLS,,
0293.KL,KJTS GROUP BERHAD,XKLS,,
0295.KL,MASTER TEC GROUP BERHAD,XKLS,,
0296.KL,HE GROUP BERHAD,XKLS,,
0297.KL,TSA GROUP BERHAD,XKLS,,
0298.KL,WENTEL ENGINEERING HOLDINGS BERHAD,XKLS,,
0299.KL,AGX GROUP BERHAD,XKLS,,
0300.KL,SBH MARINE HOLDINGS BERHAD,XKLS,,
0301.KL,ZANTAT HOLDINGS BERHAD,XKLS,,
0302.KL,TOPMIX BERHAD,XKLS,,
0303.KL,ALPHA IVF GROUP BERHAD,XKLS,,
0304.KL,FARM PRICE HOLDINGS BERHAD,XKLS,,
0305.KL,SIN-KUNG LOGISTICS BERHAD,XKLS,,
0306.KL,SMART ASIA CHEMICAL BHD,XKLS,,
0307.KL,KAWAN RENERGY BERHAD,XKLS,,
0308.KL,KTI LANDMARK BERHAD,XKLS,,
0309.KL,AGRICORE CS HOLDINGS BERHAD,XKLS,,
0310.KL,UUE HOLDINGS BERHAD,XKLS,,
0311.KL,GO HUB CAPITAL BERHAD,XKLS,,
0312.KL,OCEAN FRESH BERHAD,XKLS,,
0313.KL,BWYS GROUP BERHAD,XKLS,,
0315.KL,KUCINGKO BERHAD,XKLS,,
0316.KL,SIK CHEONG BERHAD,XKLS,,
0317.KL,EPB GROUP BERHAD,XKLS,,
0318.KL,ELRIDGE ENERGY HOLDINGS BERHAD,XKLS,,
0319.KL,VETECE HOLDINGS BERHAD,XKLS,,
0320.KL,STEEL HAWK BERHAD,XKLS,,
0321.KL,SOLAR DISTRICT COOLING GROUP BERHAD,XKLS,,
0322.KL,KHPT HOLDINGS BERHAD,XKLS,,
0323.KL,CREST GROUP BERHAD,XKLS,,
0325.KL,NORTHEAST GROUP BERHAD,XKLS,,
0326.KL,SORENTO CAPITAL BERHAD,XKLS,,
0327.KL,OB HOLDINGS BERHAD,XKLS,,
0328.KL,3REN BERHAD,XKLS,,
0329.KL,METRO HEALTHCARE BERHAD,XKLS,,
0330.KL,SUPREME CONSOLIDATED RESOURCES BHD,XKLS,,
0331.KL,CROPMATE BERHAD,XKLS,,
0332.KL,TOPVISION EYE SPECIALIST BERHAD,XKLS,,
0333.KL,VANZO HOLDINGS BERHAD,XKLS,,
0335.KL,CARLO RINO GROUP BERHAD,XKLS,,
0336.KL,WINSTAR CAPITAL BERHAD,XKLS,,
0337.KL,SWIFT ENERGY TECHNOLOGY BERHAD,XKLS,,
0338.KL,ORIENTAL KOPI HOLDINGS BERHAD,XKLS,,
0339.KL,CBH ENGINEERING HOLDING BERHAD,XKLS,,
0340.KL,NORTHERN SOLAR HOLDINGS BERHAD,XKLS,,
0341.KL,COLFORM GROUP BERHAD,XKLS,,
0342.KL,RICHTECH DIGITAL BERHAD,XKLS,,
0343.KL,TECHSTORE BERHAD,XKLS,,
0345.KL,ES SUNLOGY BERHAD,XKLS,,
0346.KL,SALIRAN GROUP BERHAD,XKLS,,
0347.KL,WAWASAN DENGKIL HOLDINGS BERHAD,XKLS,,
0348.KL,CHEMLITE INNOVATION BERHAD,XKLS,,
0349.KL,SUMISAUJANA GROUP BERHAD,XKLS,,
0350.KL,MSB GLOBAL GROUP BERHAD,XKLS,,
0351.KL,LIM SEONG HAI CAPITAL BERHAD,XKLS,,
0352.KL,WTEC GROUP BERHAD,XKLS,,
0353.KL,WEST RIVER BERHAD,XKLS,,
0355.KL,FIBROMAT (M) BERHAD,XKLS,,
0356.KL,PEOPLELOGY BERHAD,XKLS,,
0357.KL,OASIS HOME HOLDING BERHAD,XKLS,,
0358.KL,ICT ZONE ASIA BERHAD,XKLS,,
0359.KL,HARTANAH KENYALANG BERHAD,XKLS,,
0360.KL,SIGNATURE ALLIANCE GROUP BERHAD,XKLS,,
0361.KL,PAN MERCHANT BERHAD,XKLS,,
0362.KL,ASM AUTOMATION GROUP BERHAD,XKLS,,
0363.KL,PMCK BERHAD,XKLS,,
0365.KL,A1 A.K. KOH GROUP BERHAD,XKLS,,
0366.KL,ICENTS GROUP HOLDINGS BERHAD,XKLS,,
0367.KL,ENPROSERVE GROUP BERHAD,XKLS,,
0368.KL,OXFORD INNOTECH BERHAD,XKLS,,
0369.KL,JS SOLAR HOLDING BERHAD,XKLS,,
0370.KL,EXPRESS POWERR SOLUTIONS (M) BERHAD,XKLS,,
0371.KL,CAMAROE BERHAD,XKLS,,
0372.KL,CHEEDING HOLDINGS BERHAD,XKLS,,
0373.KL,VERDANT SOLAR HOLDINGS BERHAD,XKLS,,
0375.KL,THMY HOLDINGS BERHAD,XKLS,,
0376.KL,INSIGHTS ANALYTICS BERHAD,XKLS,,
0377.KL,POWERTECHNIC GROUP BERHAD,XKLS,,
0378.KL,FARMIERA BERHAD,XKLS,,
0379.KL,PMW INTERNATIONAL BERHAD,XKLS,,
0380.KL,AQUAWALK GROUP BERHAD,XKLS,,
0381.KL,POLYMER LINK HOLDINGS BERHAD,XKLS,,
0382.KL,FOODIE MEDIA BERHAD,XKLS,,
0383.KL,PSP ENERGY BERHAD,XKLS,,
0385.KL,BMS HOLDINGS BERHAD,XKLS,,
0386.KL,SBS NEXUS BERHAD,XKLS,,
0387.KL,GUAN HUAT SENG HOLDINGS BERHAD,XKLS,,
0388.KL,SEMICO CAPITAL BERHAD,XKLS,,
0389.KL,ONE GASMASTER HOLDINGS BERHAD,XKLS,,
0390.KL,ISF GROUP BERHAD,XKLS,,
0391.KL,AMBEST GROUP BERHAD,XKLS,,
0392.KL,KEE MING GROUP BERHAD,XKLS,,
0393.KL,TEAMSTAR BERHAD,XKLS,,
0395.KL,OGX GROUP BERHAD,XKLS,,
0396.KL,ADNEX GROUP BERHAD,XKLS,,
0397.KL,5E RESOURCES HOLDINGS BERHAD,XKLS,,
0398.KL,GOLDEN DESTINATIONS GROUP BERHAD,XKLS,,
0399.KL,AMS ADVANCED MATERIAL BERHAD,XKLS,,
0450.KL,MANFORCE GROUP BERHAD,XKLS,,
0451.KL,INSPACE CREATION BERHAD,XKLS,,
0452.KL,GOLD LI HOLDINGS BERHAD,XKLS,,
0453.KL,EI POWER BERHAD,XKLS,,
1015.KL,AMMB HOLDINGS BERHAD,XKLS,,
1023.KL,CIMB GROUP HOLDINGS BERHAD,XKLS,,MYL1023OO000
1058.KL,MANULIFE HOLDINGS BERHAD,XKLS,,
1066.KL,RHB BANK BERHAD,XKLS,,MYL1066OO005
1082.KL,HONG LEONG FINANCIAL GROUP BERHAD,XKLS,,MYL1082OO002
1147.KL,GLOBAL ORIENTAL BERHAD,XKLS,,
1155.KL,MALAYAN BANKING BERHAD,XKLS,,MYL1155OO000
1163.KL,ALLIANZ MALAYSIA BERHAD,XKLS,,
1171.KL,MBSB BERHAD,XKLS,,
1198.KL,MAA GROUP BERHAD,XKLS,,
1287.KL,EXSIM HOSPITALITY BERHAD,XKLS,,
1295.KL,PUBLIC BANK BERHAD,XKLS,,MYL1295OO007
1368.KL,UEM EDGENTA BERHAD,XKLS,,
1481.KL,ADVANCE SYNERGY BERHAD,XKLS,,
1503.KL,GUOCOLAND (MALAYSIA) BERHAD,XKLS,,
1538.KL,SYMPHONY LIFE BERHAD,XKLS,,
1562.KL,SPORTS TOTO BERHAD,XKLS,,
1589.KL,ISKANDAR WATERFRONT CITY BERHAD,XKLS,,
1619.KL,DRB-HICOM BERHAD,XKLS,,
1643.KL,LANDMARKS BERHAD,XKLS,,
1651.KL,MALAYSIAN RESOURCES CORPORATION BERHAD,XKLS,,
1694.KL,MENANG CORPORATION (M) BERHAD,XKLS,,
1724.KL,PARAMOUNT CORPORATION BERHAD,XKLS,,
1818.KL,BURSA MALAYSIA BERHAD,XKLS,,MYL1818OO009
1899.KL,BATU KAWAN BERHAD,XKLS,,
1929.KL,CHIN TECK PLANTATIONS BERHAD,XKLS,,
1961.KL,IOI CORPORATION BERHAD,XKLS,,MYL1961OO005
1996.KL,KRETAM HOLDINGS BERHAD,XKLS,,
2038.KL,NEGRI SEMBILAN OIL PALMS BERHAD,XKLS,,
2054.KL,TDM BERHAD,XKLS,,
2062.KL,HARBOUR-LINK GROUP BERHAD,XKLS,,
2089.KL,UNITED PLANTATIONS BERHAD,XKLS,,
2097.KL,META BRIGHT GROUP BERHAD,XKLS,,
2127.KL,COMFORT GLOVES BERHAD,XKLS,,
2135.KL,GOPENG BERHAD,XKLS,,
2143.KL,ECM LIBRA GROUP BERHAD,XKLS,,
2224.KL,SELANGOR DREDGING BERHAD,XKLS,,
2259.KL,TALAM TRANSFORM BERHAD,XKLS,,
2283.KL,ZELAN BERHAD,XKLS,,
2291.KL,GENTING PLANTATIONS BERHAD,XKLS,,
2305.KL,AYER HOLDINGS BERHAD,XKLS,,
2429.KL,TANCO HOLDINGS BERHAD,XKLS,,
2445.KL,KUALA LUMPUR KEPONG BERHAD,XKLS,,MYL2445OO003
2453.KL,KLUANG RUBBER COMPANY (MALAYA) BERHAD,XKLS,,
2488.KL,ALLIANCE BANK MALAYSIA BERHAD,XKLS,,
2542.KL,RIVERVIEW RUBBER ESTATES BERHAD,XKLS,,
2569.KL,SUNGEI BAGAN RUBBER COMPANY (MALAYA) BERHAD,XKLS,,
2593.KL,UNITED MALACCA BERHAD,XKLS,,
2607.KL,INCH KENNETH KAJANG RUBBER PUBLIC LTD CO,XKLS,,
2658.KL,AJINOMOTO (MALAYSIA) BERHAD,XKLS,,
2674.KL,ALCOM GROUP BERHAD,XKLS,,
2682.KL,PARKWOOD HOLDINGS BERHAD,XKLS,,
2739.KL,TECHNA-X BERHAD,XKLS,,
2755.KL,FCW HOLDINGS BERHAD,XKLS,,
2828.KL,C.I. HOLDINGS BERHAD,XKLS,,
2836.KL,CARLSBERG BREWERY MALAYSIA BERHAD,XKLS,,
2852.KL,CAHYA MATA SARAWAK BERHAD,XKLS,,
2984.KL,FACB INDUSTRIES INCORPORATED BERHAD,XKLS,,
3018.KL,OLYMPIA INDUSTRIES BERHAD,XKLS,,
3026.KL,DUTCH LADY MILK INDUSTRIES BERHAD,XKLS,,
3034.KL,HAP SENG CONSOLIDATED BERHAD,XKLS,,MYL3034OO006
3042.KL,PETRON MALAYSIA REFINING & MARKETING BHD,XKLS,,
3069.KL,MEGA FIRST CORPORATION BERHAD,XKLS,,
3107.KL,FIMA CORPORATION BERHAD,XKLS,,
3158.KL,YNH PROPERTY BERHAD,XKLS,,
3174.KL,LAND & GENERAL BERHAD,XKLS,,
3182.KL,GENTING BERHAD,XKLS,,MYL3182OO005
3204.KL,GEORGE KENT (MALAYSIA) BERHAD,XKLS,,
3239.KL,BERJAYA ASSETS BERHAD,XKLS,,
3247.KL,GUH HOLDINGS BERHAD,XKLS,,
3255.KL,HEINEKEN MALAYSIA BERHAD,XKLS,,
3298.KL,HEXZA CORPORATION BERHAD,XKLS,,
3301.KL,HONG LEONG INDUSTRIES BERHAD,XKLS,,
3336.KL,IJM CORPORATION BERHAD,XKLS,,MYL3336OO008
3379.KL,INSAS BERHAD,XKLS,,
3395.KL,BERJAYA CORPORATION BERHAD,XKLS,,
3417.KL,EASTERN & ORIENTAL BERHAD,XKLS,,
3441.KL,JOHAN HOLDINGS BERHAD,XKLS,,
3476.KL,KECK SENG (MALAYSIA) BERHAD,XKLS,,
3514.KL,MARCO HOLDINGS BERHAD,XKLS,,
3557.KL,ECOFIRST CONSOLIDATED BHD,XKLS,,
3565.KL,WCE HOLDINGS BERHAD,XKLS,,
3573.KL,LIEN HOE CORPORATION BERHAD,XKLS,,
3611.KL,PARAGON GLOBE BERHAD,XKLS,,
3662.KL,MALAYAN FLOUR MILLS BERHAD,XKLS,,
3689.KL,FRASER & NEAVE HOLDINGS BHD,XKLS,,
3719.KL,PANASONIC MANUFACTURING MALAYSIA BERHAD,XKLS,,
3743.KL,SUNSURIA BERHAD,XKLS,,
3778.KL,MELEWAR INDUSTRIAL GROUP BERHAD,XKLS,,
3794.KL,MALAYAN CEMENT BERHAD,XKLS,,
3816.KL,MISC BERHAD,XKLS,,MYL3816OO005
3859.KL,MAGNUM BERHAD,XKLS,,
3867.KL,MALAYSIAN PACIFIC INDUSTRIES BERHAD,XKLS,,
3883.KL,MUDA HOLDINGS BERHAD,XKLS,,
3891.KL,MALAYAN UNITED INDUSTRIES BERHAD,XKLS,,
3905.KL,MULPHA INTERNATIONAL BERHAD,XKLS,,
3913.KL,MUI PROPERTIES BERHAD,XKLS,,
3948.KL,DUTALAND BERHAD,XKLS,,
4006.KL,ORIENTAL HOLDINGS BERHAD,XKLS,,MYL4006OO005
4022.KL,MAXIM GLOBAL BERHAD,XKLS,,
4057.KL,ASIAN PAC HOLDINGS BERHAD,XKLS,,
4065.KL,PPB GROUP BERHAD,XKLS,,MYL4065OO000
4081.KL,PAN MALAYSIA CORPORATION BERHAD,XKLS,,
4162.KL,BRITISH AMERICAN TOBACCO (MALAYSIA) BERHAD,XKLS,,
4197.KL,SIME DARBY BERHAD,XKLS,,MYL4197OO006
4219.KL,BERJAYA PROPERTY BERHAD,XKLS,,
4235.KL,LION INDUSTRIES CORPORATION BERHAD,XKLS,,
4243.KL,WTK HOLDINGS BERHAD,XKLS,,
4251.KL,I-BERHAD,XKLS,,
4286.KL,SEAL INCORPORATED BERHAD,XKLS,,
4316.KL,SIN HENG CHAN (MALAYA) BERHAD,XKLS,,
4324.KL,HENGYUAN REFINING COMPANY BERHAD,XKLS,,
4359.KL,TURIYA BERHAD,XKLS,,
4375.KL,SOUTH MALAYSIA INDUSTRIES BERHAD,XKLS,,
4383.KL,JAYA TIASA HOLDINGS BHD,XKLS,,
4405.KL,TAN CHONG MOTOR HOLDINGS BERHAD,XKLS,,
4456.KL,DAGANG NEXCHANGE BERHAD,XKLS,,
4464.KL,PEGASUS HEIGHTS BERHAD,XKLS,,
4502.KL,MEDIA PRIMA BERHAD,XKLS,,
4596.KL,SAPURA RESOURCES BERHAD,XKLS,,
4634.KL,POS MALAYSIA BERHAD,XKLS,,
4677.KL,YTL CORPORATION BERHAD,XKLS,,MYL4677OO005
4707.KL,NESTLE (MALAYSIA) BERHAD,XKLS,,MYL4707OO009
4715.KL,GENTING MALAYSIA BERHAD,XKLS,,MYL4715OO000
4723.KL,JAKS RESOURCES BERHAD,XKLS,,
4731.KL,SCIENTEX BERHAD,XKLS,,
4758.KL,ANCOM NYLEX BERHAD,XKLS,,
4847.KL,EPICON BERHAD,XKLS,,
4863.KL,TELEKOM MALAYSIA BERHAD,XKLS,,MYL4863OO009
4995.KL,VERSATILE CREATIVE BERHAD,XKLS,,
5000.KL,HUME CEMENT INDUSTRIES BERHAD,XKLS,,
5001.KL,MIECO CHIPBOARD BERHAD,XKLS,,
5005.KL,UNISEM (M) BERHAD,XKLS,,
5006.KL,VARIA BERHAD,XKLS,,
5007.KL,CHIN WELL HOLDINGS BERHAD,XKLS,,
5008.KL,HARRISONS HOLDINGS (MALAYSIA) BERHAD,XKLS,,
5009.KL,WHITE HORSE BERHAD,XKLS,,
5010.KL,TONG HERR RESOURCES BERHAD,XKLS,,
5011.KL,MESINIAGA BERHAD,XKLS,,
5012.KL,TA ANN HOLDINGS BERHAD,XKLS,,
5015.KL,APM AUTOMOTIVE HOLDINGS BERHAD,XKLS,,
5016.KL,WARISAN TC HOLDINGS BERHAD,XKLS,,
5020.KL,GLOMAC BERHAD,XKLS,,
5021.KL,AYS VENTURES BERHAD,XKLS,,
5022.KL,PAOS HOLDINGS BERHAD,XKLS,,
5024.KL,HUP SENG INDUSTRIES BERHAD,XKLS,,
5025.KL,AURO HOLDINGS BERHAD,XKLS,,
5026.KL,MHC PLANTATIONS BHD,XKLS,,
5027.KL,KIM LOONG RESOURCES BERHAD,XKLS,,
5028.KL,HEITECH PADU BERHAD,XKLS,,
5029.KL,FAR EAST HOLDINGS BERHAD,XKLS,,
5031.KL,TIME DOTCOM BERHAD,XKLS,,
5032.KL,BINTULU PORT HOLDINGS BERHAD,XKLS,,
5035.KL,KNUSFORD BERHAD,XKLS,,
5036.KL,EDARAN BERHAD,XKLS,,
5037.KL,COMPUGATES HOLDINGS BERHAD,XKLS,,
5038.KL,KSL HOLDINGS BERHAD,XKLS,,
5040.KL,MERIDIAN BERHAD,XKLS,,
5041.KL,PBA HOLDINGS BHD,XKLS,,
5042.KL,TSR CAPITAL BERHAD,XKLS,,
5048.KL,YB VENTURES BERHAD,XKLS,,
5049.KL,COUNTRY VIEW BERHAD,XKLS,,
5053.KL,OSK HOLDINGS BERHAD,XKLS,,
5054.KL,TRC SYNERGY BERHAD,XKLS,,
5056.KL,ENGTEX GROUP BERHAD,XKLS,,
5062.KL,HUA YANG BERHAD,XKLS,,
5065.KL,ORNAPAPER BERHAD,XKLS,,
5066.KL,NTPM HOLDINGS BERHAD,XKLS,,
5068.KL,LUSTER INDUSTRIES BHD.,XKLS,,
5069.KL,BLD PLANTATION BHD.,XKLS,,
5070.KL,PROTASCO BERHAD,XKLS,,
5071.KL,COASTAL CONTRACTS BHD,XKLS,,
5072.KL,HIAP TECK VENTURE BERHAD,XKLS,,
5073.KL,NAIM HOLDINGS BERHAD,XKLS,,
5075.KL,PLENITUDE BERHAD,XKLS,,
5077.KL,MAYBULK BERHAD,XKLS,,
5078.KL,MARINE & GENERAL BERHAD,XKLS,,
5079.KL,ONE GLOVE GROUP BERHAD,XKLS,,
5080.KL,POH KONG HOLDINGS BERHAD,XKLS,,
5081.KL,ESTHETICS INTERNATIONAL GROUP BERHAD,XKLS,,
5084.KL,IBRACO BERHAD,XKLS,,
5085.KL,MUDAJAYA GROUP BERHAD,XKLS,,
5087.KL,MYCRON STEEL BERHAD,XKLS,,
5088.KL,APEX EQUITY HOLDINGS BERHAD,XKLS,,
5090.KL,MEDIA CHINESE INTERNATIONAL LIMITED,XKLS,,
5094.KL,CSC STEEL HOLDINGS BERHAD,XKLS,,
5095.KL,HEVEABOARD BERHAD,XKLS,,
5098.KL,MALAYSIA STEEL WORKS (KL) BHD,XKLS,,
5099.KL,CAPITAL A BERHAD,XKLS,,MYL5099OO005
5100.KL,BP PLASTICS HOLDING BHD,XKLS,,
5101.KL,EVERGREEN FIBREBOARD BERHAD,XKLS,,
5102.KL,GUAN CHONG BERHAD,XKLS,,
5104.KL,CITRA NUSA HOLDINGS BERHAD,XKLS,,
5105.KL,CAN-ONE BERHAD,XKLS,,
5106.KL,AXIS REAL ESTATE INVESTMENT TRUST,XKLS,,MYL5106OO005
5107.KL,IQ GROUP HOLDINGS BERHAD,XKLS,,
5108.KL,ICAPITAL.BIZ BERHAD,XKLS,,
5109.KL,YTL HOSPITALITY REIT,XKLS,,
5110.KL,UOA REAL ESTATE INVESTMENT TRUST,XKLS,,
5111.KL,TOWER REAL ESTATE INVESTMENT TRUST,XKLS,,
5112.KL,TH PLANTATIONS BERHAD,XKLS,,
5113.KL,RIMBUNAN SAWIT BERHAD,XKLS,,
5115.KL,ALAM MARITIM RESOURCES BERHAD,XKLS,,
5116.KL,AL-'AQAR HEALTHCARE REIT,XKLS,,
5120.KL,AMFIRST REAL ESTATE INVESTMENT TRUST,XKLS,,
5121.KL,HEKTAR REAL ESTATE INVESTMENT TRUST,XKLS,,
5123.KL,SENTRAL REIT,XKLS,,
5125.KL,PANTECH GROUP HOLDINGS BERHAD,XKLS,,
5126.KL,SARAWAK OIL PALMS BERHAD,XKLS,,
5127.KL,AMANAHRAYA REAL ESTATE INVESTMENT TRUST,XKLS,,
5129.KL,MELATI EHSAN HOLDINGS BERHAD,XKLS,,
5130.KL,ATRIUM REAL ESTATE INVESTMENT TRUST,XKLS,,
5131.KL,ZHULIAN CORPORATION BERHAD,XKLS,,
5132.KL,DELEUM BERHAD,XKLS,,
5133.KL,PETRA ENERGY BERHAD,XKLS,,
5134.KL,SOUTHERN ACIDS (M) BERHAD,XKLS,,
5135.KL,SARAWAK PLANTATION BERHAD,XKLS,,
5136.KL,HEXTAR TECHNOLOGIES SOLUTIONS BERHAD,XKLS,,
5138.KL,HAP SENG PLANTATIONS HOLDINGS BERHAD,XKLS,,
5139.KL,AEON CREDIT SERVICE (M) BERHAD,XKLS,,
5140.KL,TASCO BERHAD,XKLS,,
5141.KL,DAYANG ENTERPRISE HOLDINGS BERHAD,XKLS,,
5142.KL,WASCO BERHAD,XKLS,,
5143.KL,LUXCHEM CORPORATION BERHAD,XKLS,,
5145.KL,SEALINK INTERNATIONAL BERHAD,XKLS,,
5147.KL,SAMCHEM HOLDINGS BERHAD,XKLS,,
5148.KL,UEM SUNRISE BERHAD,XKLS,,
5149.KL,TAS OFFSHORE BERHAD,XKLS,,
5151.KL,HEXTAR GLOBAL BERHAD,XKLS,,
5152.KL,MUAR BAN LEE GROUP BERHAD,XKLS,,
5156.KL,XIDELANG HOLDINGS LTD,XKLS,,
5157.KL,SAUDIGOLD GROUP BERHAD,XKLS,,
5159.KL,YOONG ONN CORPORATION BERHAD,XKLS,,
5160.KL,HOMERITZ CORPORATION BERHAD,XKLS,,
5161.KL,JCY INTERNATIONAL BERHAD,XKLS,,
5162.KL,VSTECS BERHAD,XKLS,,
5163.KL,SEREMBAN ENGINEERING BERHAD,XKLS,,
5165.KL,DFCITY GROUP BERHAD,XKLS,,
5166.KL,CYBERJAYA EDUCATION GROUP BERHAD,XKLS,,
5167.KL,TURBO-MECH BERHAD,XKLS,,
5168.KL,HARTALEGA HOLDINGS BERHAD,XKLS,,MYL5168OO009
5169.KL,HO HUP CONSTRUCTION COMPANY BHD,XKLS,,
5171.KL,KIMLUN CORPORATION BERHAD,XKLS,,
5172.KL,SINARAN ADVANCE GROUP BERHAD,XKLS,,
5173.KL,SHIN YANG GROUP BERHAD,XKLS,,
5176.KL,SUNWAY REAL ESTATE INVESTMENT TRUST,XKLS,,MYL5176OO000
5178.KL,INGENIEUR GUDANG BERHAD,XKLS,,
5180.KL,CAPITALAND MALAYSIA TRUST,XKLS,,MYL5180OO002
5182.KL,AVALAND BERHAD,XKLS,,
5183.KL,PETRONAS CHEMICALS GROUP BERHAD,XKLS,,MYL5183OO009
5184.KL,CYPARK RESOURCES BERHAD,XKLS,,
5185.KL,AFFIN BANK BERHAD,XKLS,,
5186.KL,MALAYSIA MARINE AND HEAVY ENGINEERING HOLDINGS BERHAD,XKLS,,
5187.KL,HB GLOBAL LIMITED,XKLS,,
5188.KL,CHINA OUHUA WINERY HOLDINGS LIMITED,XKLS,,
5190.KL,BENALEC HOLDINGS BERHAD,XKLS,,
5191.KL,TAMBUN INDAH LAND BERHAD,XKLS,,
5192.KL,K. SENG SENG CORPORATION BERHAD,XKLS,,
5195.KL,CENSOF HOLDINGS BERHAD,XKLS,,
5196.KL,BERJAYA FOOD BERHAD,XKLS,,
5197.KL,FOCUS LUMBER BERHAD,XKLS,,
5198.KL,ABM FUJIYA BERHAD,XKLS,,
5199.KL,HIBISCUS PETROLEUM BERHAD,XKLS,,
5200.KL,UOA DEVELOPMENT BHD,XKLS,,
5202.KL,MSM MALAYSIA HOLDINGS BERHAD,XKLS,,
5204.KL,AWANBIRU TECHNOLOGY BERHAD,XKLS,,
5205.KL,EVERSENDAI CORPORATION BERHAD,XKLS,,
5207.KL,SBC CORPORATION BERHAD,XKLS,,
5208.KL,EITA RESOURCES BERHAD,XKLS,,
5209.KL,GAS MALAYSIA BERHAD,XKLS,,
5210.KL,BUMI ARMADA BERHAD,XKLS,,
5211.KL,SUNWAY BERHAD,XKLS,,
5212.KL,PAVILION REAL ESTATE INVESTMENT TRUST,XKLS,,MYL5212OO002
5213.KL,SENTORIA GROUP BERHAD,XKLS,,
5216.KL,NEXG BERHAD,XKLS,,
5218.KL,VANTRIS ENERGY BERHAD,XKLS,,
5219.KL,PESTEC INTERNATIONAL BERHAD,XKLS,,
5220.KL,GLOBALTEC FORMATION BERHAD,XKLS,,
5223.KL,MENTIGA CORPORATION BERHAD,XKLS,,
5225.KL,IHH HEALTHCARE BERHAD,XKLS,,MYL5225OO007
5226.KL,GABUNGAN AQRS BERHAD,XKLS,,
5227.KL,IGB REAL ESTATE INVESTMENT TRUST,XKLS,,MYL5227OO000
5228.KL,ELK-DESA RESOURCES BERHAD,XKLS,,
5230.KL,TUNE PROTECT GROUP BERHAD,XKLS,,
5231.KL,PBS BERHAD,XKLS,,
5232.KL,LEON FUAT BERHAD,XKLS,,
5236.KL,MATRIX CONCEPTS HOLDINGS BERHAD,XKLS,,
5238.KL,AIRASIA X BERHAD,XKLS,,
5239.KL,TITIJAYA LAND BERHAD,XKLS,,
5242.KL,SOLID AUTOMOTIVE BERHAD,XKLS,,
5243.KL,VELESTO ENERGY BERHAD,XKLS,,
5246.KL,WESTPORTS HOLDINGS BERHAD,XKLS,,
5247.KL,KAREX BERHAD,XKLS,,
5248.KL,BERMAZ AUTO BERHAD,XKLS,,
5249.KL,IOI PROPERTIES GROUP BERHAD,XKLS,,
5250.KL,7-ELEVEN MALAYSIA HOLDINGS BERHAD,XKLS,,
5252.KL,SASBADI HOLDINGS BERHAD,XKLS,,
5253.KL,ECONPILE HOLDINGS BERHAD,XKLS,,
5255.KL,LIANSON FLEET GROUP BERHAD,XKLS,,
5257.KL,CARIMIN PETROLEUM BERHAD,XKLS,,
5258.KL,BANK ISLAM MALAYSIA BERHAD,XKLS,,
5259.KL,AVANGAAD BERHAD,XKLS,,
5260.KL,ONLY WORLD GROUP HOLDINGS BERHAD,XKLS,,
5263.KL,SUNWAY CONSTRUCTION GROUP BERHAD,XKLS,,
5264.KL,MALAKOFF CORPORATION BERHAD,XKLS,,
5265.KL,OASIS HARVEST CORPORATION BERHAD,XKLS,,
5267.KL,XIN HWA HOLDINGS BERHAD,XKLS,,
5269.KL,AL-SALAM REAL ESTATE INVESTMENT TRUST,XKLS,,
5271.KL,PECCA GROUP BERHAD,XKLS,,
5272.KL,RANHILL UTILITIES BERHAD,XKLS,,
5273.KL,CHIN HIN GROUP BERHAD,XKLS,,
5274.KL,HONG LEONG CAPITAL BERHAD,XKLS,,
5275.KL,MYNEWS HOLDINGS BERHAD,XKLS,,
5276.KL,DANCOMECH HOLDINGS BERHAD,XKLS,,
5277.KL,FOUNDPAC GROUP BERHAD,XKLS,,
5278.KL,RHONE MA HOLDINGS BERHAD,XKLS,,
5280.KL,KIP REAL ESTATE INVESTMENT TRUST,XKLS,,
5281.KL,ADVANCECON HOLDINGS BERHAD,XKLS,,
5283.KL,EWI CAPITAL BERHAD,XKLS,,
5284.KL,LOTTE CHEMICAL TITAN HOLDING BERHAD,XKLS,,
5285.KL,SD GUTHRIE BERHAD,XKLS,,MYL5285OO005
5286.KL,MI TECHNOVATION BERHAD,XKLS,,MYL5286OO003
5288.KL,SIME DARBY PROPERTY BERHAD,XKLS,,MYL5288OO009
5289.KL,TECHBOND GROUP BERHAD,XKLS,,
5291.KL,HPMT HOLDINGS BERHAD,XKLS,,
5292.KL,UWC BERHAD,XKLS,,
5293.KL,AME ELITE CONSORTIUM BERHAD,XKLS,,
5295.KL,INNATURE BERHAD,XKLS,,
5296.KL,MR D.I.Y. GROUP (M) BERHAD,XKLS,,MYL5296OO007
5297.KL,TUJU SETIA BERHAD,XKLS,,
5298.KL,OM HOLDINGS LIMITED,XKLS,,
5299.KL,IGB COMMERCIAL REAL ESTATE INVESTMENT TRUST,XKLS,,
5300.KL,YENHER HOLDINGS BERHAD,XKLS,,
5301.KL,CTOS DIGITAL BERHAD,XKLS,,
5302.KL,AURELIUS TECHNOLOGIES BERHAD,XKLS,,
5303.KL,SWIFT HAULAGE BERHAD,XKLS,,
5305.KL,SENHENG NEW RETAIL BERHAD,XKLS,,
5306.KL,FARM FRESH BERHAD,XKLS,,
5307.KL,AME REAL ESTATE INVESTMENT TRUST,XKLS,,
5308.KL,SENG FONG HOLDINGS BERHAD,XKLS,,
5309.KL,ITMAX SYSTEM BERHAD,XKLS,,
5310.KL,KUMPULAN KITACON BERHAD,XKLS,,
5311.KL,CAPE EMS BERHAD,XKLS,,
5313.KL,RADIUM DEVELOPMENT BERHAD,XKLS,,
5315.KL,SKYWORLD DEVELOPMENT BERHAD,XKLS,,
5316.KL,MST GOLF GROUP BERHAD,XKLS,,
5317.KL,CPE TECHNOLOGY BERHAD,XKLS,,
5318.KL,DXN HOLDINGS BHD.,XKLS,,
5319.KL,MKH OIL PALM (EAST KALIMANTAN) BERHAD,XKLS,,
5320.KL,PROLINTAS INFRA BUSINESS TRUST,XKLS,,
5321.KL,KEYFIELD INTERNATIONAL BERHAD,XKLS,,
5322.KL,FEYTECH HOLDINGS BERHAD,XKLS,,
5323.KL,JOHOR PLANTATIONS GROUP BERHAD,XKLS,,
5325.KL,WELL CHIP GROUP BERHAD,XKLS,,
5326.KL,99 SPEED MART RETAIL HOLDINGS BERHAD,XKLS,,
5327.KL,MEGA FORTRIS BERHAD,XKLS,,
5328.KL,LIFE WATER BERHAD,XKLS,,
5329.KL,AZAM JAYA BERHAD,XKLS,,
5330.KL,TMK CHEMICAL BHD,XKLS,,
5331.KL,PANTECH GLOBAL BERHAD,XKLS,,
5332.KL,REACH TEN HOLDINGS BERHAD,XKLS,,
5335.KL,HI MOBILITY BERHAD,XKLS,,
5336.KL,CUCKOO INTERNATIONAL (MAL) BERHAD,XKLS,,
5337.KL,ECO-SHOP MARKETING BERHAD,XKLS,,
5338.KL,PARADIGM REAL ESTATE INVESTMENT TRUST,XKLS,,
5340.KL,UMS INTEGRATION LIMITED,XKLS,,
5341.KL,LAC MED BERHAD,XKLS,,
5343.KL,WASCO GREENERGY BERHAD,XKLS,,
5345.KL,GEOHAN CORPORATION BERHAD,XKLS,,
5346.KL,HOCK SOON CAPITAL BERHAD,XKLS,,
5347.KL,TENAGA NASIONAL BHD,XKLS,,MYL5347OO007
5348.KL,ORKIM BERHAD,XKLS,,
5351.KL,EMPIRE PREMIUM FOOD BERHAD,XKLS,,
5352.KL,MTT SHIPPING AND LOGISTICS BERHAD,XKLS,,
5357.KL,SKYECHIP BERHAD,XKLS,,
5371.KL,KIM HIN INDUSTRY BERHAD,XKLS,,
5398.KL,GAMUDA BERHAD,XKLS,,MYL5398OO009
5401.KL,TROPICANA CORPORATION BERHAD,XKLS,,
5436.KL,PERUSAHAAN SADUR TIMAH MALAYSIA (PERSTIMA) BHD,XKLS,,
5517.KL,SHANGRI-LA HOTELS (MALAYSIA) BERHAD,XKLS,,
5533.KL,OCB BERHAD,XKLS,,
5555.KL,SUNWAY HEALTHCARE HOLDINGS BERHAD,XKLS,,
5568.KL,APB RESOURCES BERHAD,XKLS,,
5576.KL,MINHO (M) BERHAD,XKLS,,
5592.KL,GRAND CENTRAL ENTERPRISES BHD,XKLS,,
5606.KL,IGB BERHAD,XKLS,,
5614.KL,NUENERGY HOLDINGS BERHAD,XKLS,,
5622.KL,PIMPINAN EHSAN BERHAD,XKLS,,
5649.KL,GOLDEN PHAROS BERHAD,XKLS,,
5657.KL,PARKSON HOLDINGS BERHAD,XKLS,,
5665.KL,SOUTHERN STEEL BERHAD,XKLS,,
5673.KL,JENTAYU SUSTAINABLES BERHAD,XKLS,,
5681.KL,PETRONAS DAGANGAN BHD,XKLS,,MYL5681OO007
5703.KL,MUHIBBAH ENGINEERING (M) BHD,XKLS,,
5738.KL,COUNTRY HEIGHTS HOLDINGS BHD,XKLS,,
5789.KL,LBS BINA GROUP BERHAD,XKLS,,
5797.KL,CHOO BEE METAL INDUSTRIES BHD,XKLS,,
5819.KL,HONG LEONG BANK BERHAD,XKLS,,MYL5819OO000
5827.KL,ORIENTAL INTEREST BERHAD,XKLS,,
5843.KL,KUMPULAN PERANGSANG SELANGOR BERHAD,XKLS,,
5878.KL,KPJ HEALTHCARE BERHAD,XKLS,,
5908.KL,DKSH HOLDINGS (MALAYSIA) BERHAD,XKLS,,
5916.KL,MALAYSIA SMELTING CORPORATION BERHAD,XKLS,,
5932.KL,BINA PURI HOLDINGS BHD,XKLS,,
5983.KL,MBM RESOURCES BHD,XKLS,,
6009.KL,PACIFIC & ORIENT BERHAD,XKLS,,
6012.KL,MAXIS BERHAD,XKLS,,MYL6012OO009
6017.KL,SHL CONSOLIDATED BHD,XKLS,,
6033.KL,PETRONAS GAS BERHAD,XKLS,,MYL6033OO005
6041.KL,FARLIM GROUP (MALAYSIA) BHD,XKLS,,
6068.KL,PCCS GROUP BERHAD,XKLS,,
6076.KL,ENCORP BERHAD,XKLS,,
6084.KL,STAR MEDIA GROUP BERHAD,XKLS,,
6114.KL,MKH BERHAD,XKLS,,
6139.KL,SYARIKAT TAKAFUL MALAYSIA KELUARGA BERHAD,XKLS,,
6149.KL,METROD HOLDINGS BERHAD,XKLS,,
6173.KL,BINA DARULAMAN BERHAD,XKLS,,
6181.KL,MALTON BERHAD,XKLS,,
6203.KL,KHEE SAN BERHAD,XKLS,,
6211.KL,KIA LIM BERHAD,XKLS,,
6254.KL,PDZ HOLDINGS BHD,XKLS,,
6262.KL,INNOPRISE PLANTATIONS BERHAD,XKLS,,
6297.KL,BOX-PAK (MALAYSIA) BERHAD,XKLS,,
6351.KL,AMWAY (MALAYSIA) HOLDINGS BERHAD,XKLS,,
6378.KL,BEDI BERHAD,XKLS,,
6399.KL,ASTRO MALAYSIA HOLDINGS BERHAD,XKLS,,
6432.KL,APOLLO FOOD HOLDINGS BERHAD,XKLS,,
6459.KL,MNRB HOLDINGS BERHAD,XKLS,,
6483.KL,KENANGA INVESTMENT BANK BERHAD,XKLS,,
6491.KL,KUMPULAN FIMA BERHAD,XKLS,,
6521.KL,SURIA CAPITAL HOLDINGS BERHAD,XKLS,,
6556.KL,ANN JOO RESOURCES BERHAD,XKLS,,
6599.KL,AEON CO. (M) BHD,XKLS,,
6602.KL,BCB BERHAD,XKLS,,
6633.KL,LEONG HUP INTERNATIONAL BERHAD,XKLS,,
6637.KL,PNE PCB BERHAD,XKLS,,
6718.KL,CRESCENDO CORPORATION BERHAD,XKLS,,
6742.KL,YTL POWER INTERNATIONAL BHD,XKLS,,
6769.KL,JKG LAND BERHAD,XKLS,,
6807.KL,PUNCAK NIAGA HOLDINGS BERHAD,XKLS,,
6815.KL,EUPE CORPORATION BERHAD,XKLS,,
6874.KL,JAG CAPITAL BERHAD,XKLS,,
6888.KL,AXIATA GROUP BERHAD,XKLS,,MYL6888OO007
6904.KL,SUBUR TIASA HOLDINGS BERHAD,XKLS,,
6912.KL,PASDEC HOLDINGS BERHAD,XKLS,,
6939.KL,FIAMMA HOLDINGS BERHAD,XKLS,,
6947.KL,CELCOMDIGI BERHAD,XKLS,,MYL6947OO009
6963.KL,V.S. INDUSTRY BERHAD,XKLS,,
6971.KL,KOBAY TECHNOLOGY BERHAD,XKLS,,
6998.KL,BINTAI KINDEN CORPORATION BERHAD,XKLS,,
7003.KL,Y&G CORPORATION BHD,XKLS,,
7004.KL,MCE HOLDINGS BERHAD,XKLS,,
7005.KL,B.I.G. INDUSTRIES BERHAD,XKLS,,
7006.KL,RHONG KHEN INTERNATIONAL BERHAD,XKLS,,
7007.KL,ARK RESOURCES HOLDINGS BERHAD,XKLS,,
7010.KL,PTT SYNERGY GROUP BERHAD,XKLS,,
7013.KL,HUBLINE BERHAD,XKLS,,
7014.KL,YLI HOLDINGS BERHAD,XKLS,,
7016.KL,CHUAN HUAT RESOURCES BHD,XKLS,,
7017.KL,KOMARKCORP BERHAD,XKLS,,
7018.KL,CME GROUP BERHAD,XKLS,,
7020.KL,ASTEEL GROUP BERHAD,XKLS,,
7022.KL,GLOBETRONICS TECHNOLOGY BERHAD,XKLS,,
7025.KL,WOODLANDOR HOLDINGS BHD,XKLS,,
7028.KL,ZECON BERHAD,XKLS,,
7029.KL,MASTER-PACK GROUP BERHAD,XKLS,,
7031.KL,AMTEL HOLDINGS BERHAD,XKLS,,
7033.KL,KUMPULAN H & L HIGH-TECH BERHAD,XKLS,,
7034.KL,THONG GUAN INDUSTRIES BERHAD,XKLS,,
7035.KL,CCK CONSOLIDATED HOLDINGS BERHAD,XKLS,,
7036.KL,BORNEO OIL BERHAD,XKLS,,
7043.KL,XIN SYNERGY GROUP BERHAD,XKLS,,
7047.KL,FBG HOLDINGS BERHAD,XKLS,,
7048.KL,ATLAN HOLDINGS BHD,XKLS,,
7050.KL,WONG ENGINEERING CORPORATION BERHAD,XKLS,,
7052.KL,PADINI HOLDINGS BERHAD,XKLS,,
7053.KL,SEE HUP CONSOLIDATED BERHAD,XKLS,,
7054.KL,ASTRAL ASIA BERHAD,XKLS,,
7055.KL,PLB ENGINEERING BERHAD,XKLS,,
7060.KL,NEW HOONG FATT HOLDINGS BERHAD,XKLS,,
7062.KL,KHIND HOLDINGS BERHAD,XKLS,,
7066.KL,YONG TAI BERHAD,XKLS,,
7070.KL,VIZIONE HOLDINGS BERHAD,XKLS,,
7071.KL,OCR GROUP BERHAD,XKLS,,
7073.KL,SEACERA GROUP BERHAD,XKLS,,
7076.KL,CB INDUSTRIAL PRODUCT HOLDING BERHAD,XKLS,,
7077.KL,KERJAYA PROSPEK PROPERTY BERHAD,XKLS,,
7078.KL,AHMAD ZAKI RESOURCES BERHAD,XKLS,,
7079.KL,TWL HOLDINGS BERHAD,XKLS,,
7080.KL,PERMAJU INDUSTRIES BERHAD,XKLS,,
7081.KL,PHARMANIAGA BERHAD,XKLS,,
7082.KL,M & A EQUITY HOLDINGS BERHAD,XKLS,,
7083.KL,ANALABS RESOURCES BERHAD,XKLS,,
7084.KL,QL RESOURCES BERHAD,XKLS,,
7085.KL,LTKM BERHAD,XKLS,,
7086.KL,ABLEGROUP BERHAD,XKLS,,
7087.KL,MAGNI-TECH INDUSTRIES BERHAD,XKLS,,
7088.KL,POH HUAT RESOURCES HOLDINGS BERHAD,XKLS,,
7089.KL,LII HEN INDUSTRIES BHD.,XKLS,,
7091.KL,UNIMECH GROUP BERHAD,XKLS,,
7094.KL,EUROSPAN HOLDINGS BERHAD,XKLS,,
7095.KL,P.I.E. INDUSTRIAL BERHAD,XKLS,,
7096.KL,JOE HOLDING BERHAD,XKLS,,
7097.KL,TA WIN HOLDINGS BERHAD,XKLS,,
7099.KL,MAYU GLOBAL GROUP BERHAD,XKLS,,
7100.KL,UCHI TECHNOLOGIES BERHAD,XKLS,,
7103.KL,SPRITZER BHD,XKLS,,
7105.KL,HCK CAPITAL GROUP BERHAD,XKLS,,
7106.KL,SUPERMAX CORPORATION BERHAD,XKLS,,MYL7106OO005
7107.KL,ORIENTAL FOOD INDUSTRIES HOLDINGS BERHAD,XKLS,,
7108.KL,PERDANA PETROLEUM BERHAD,XKLS,,
7113.KL,TOP GLOVE CORPORATION BHD,XKLS,,MYL7113OO007
7114.KL,D'NONCE TECHNOLOGY BHD,XKLS,,
7115.KL,SKB SHUTTERS CORPORATION BERHAD,XKLS,,
7117.KL,CJ CENTURY LOGISTICS HOLDINGS BERHAD,XKLS,,
7120.KL,AXTERIA GROUP BERHAD,XKLS,,
7121.KL,XL HOLDINGS BERHAD,XKLS,,
7123.KL,MAXLAND BERHAD,XKLS,,
7128.KL,CAM RESOURCES BERHAD,XKLS,,
7129.KL,ASIA FILE CORPORATION BHD,XKLS,,
7131.KL,ACME HOLDINGS BERHAD,XKLS,,
7132.KL,SMIS CORPORATION BERHAD,XKLS,,
7133.KL,UNITED U-LI CORPORATION BERHAD,XKLS,,
7134.KL,PWF CORPORATION BERHAD,XKLS,,
7137.KL,UMS HOLDINGS BERHAD,XKLS,,
7139.KL,NICHE CAPITAL EMAS HOLDINGS BERHAD,XKLS,,
7140.KL,OKA CORPORATION BHD,XKLS,,
7145.KL,TXCD BERHAD,XKLS,,
7146.KL,AE MULTI HOLDINGS BERHAD,XKLS,,
7148.KL,DUOPHARMA BIOTECH BERHAD,XKLS,,
7149.KL,ENG KAH CORPORATION BERHAD,XKLS,,
7152.KL,JAYCORP BERHAD,XKLS,,
7153.KL,KOSSAN RUBBER INDUSTRIES BHD.,XKLS,,
7154.KL,NEXG BINA BERHAD,XKLS,,
7155.KL,SKP RESOURCES BHD,XKLS,,
7157.KL,CYL CORPORATION BERHAD,XKLS,,
7160.KL,PENTAMASTER CORPORATION BERHAD,XKLS,,
7161.KL,KERJAYA PROSPEK GROUP BERHAD,XKLS,,
7162.KL,ASTINO BERHAD,XKLS,,
7163.KL,PJBUMI BERHAD,XKLS,,
7165.KL,VELOCITY CAPITAL PARTNER BERHAD,XKLS,,
7167.KL,ABLE GLOBAL BERHAD,XKLS,,
7168.KL,PRG HOLDINGS BERHAD,XKLS,,
7169.KL,DOMINANT ENTERPRISE BERHAD,XKLS,,
7170.KL,LFE CORPORATION BERHAD,XKLS,,
7172.KL,PMB TECHNOLOGY BERHAD,XKLS,,
7173.KL,TOYO VENTURES HOLDINGS BERHAD,XKLS,,
7174.KL,CAB CAKARAN CORPORATION BERHAD,XKLS,,
7176.KL,TPC PLUS BERHAD,XKLS,,
7178.KL,Y.S.P. SOUTHEAST ASIA HOLDING BERHAD,XKLS,,
7179.KL,LAGENDA PROPERTIES BERHAD,XKLS,,
7180.KL,SERN KOU RESOURCES BERHAD,XKLS,,
7181.KL,ARB BERHAD,XKLS,,
7184.KL,G3 GLOBAL BERHAD,XKLS,,
7186.KL,SWS CAPITAL BERHAD,XKLS,,
7187.KL,CHIN HIN GROUP PROPERTY BERHAD,XKLS,,
7188.KL,BTM RESOURCES BERHAD,XKLS,,
7191.KL,ADVENTA BERHAD,XKLS,,
7192.KL,GIIB HOLDINGS BERHAD,XKLS,,
7195.KL,BINASTRA CORPORATION BERHAD,XKLS,,
7197.KL,GE-SHEN CORPORATION BERHAD,XKLS,,
7198.KL,DPS RESOURCES BERHAD,XKLS,,
7199.KL,KEIN HING INTERNATIONAL BERHAD,XKLS,,
7200.KL,TEK SENG HOLDINGS BERHAD,XKLS,,
7201.KL,PROGRESSIVE IMPACT CORPORATION BERHAD,XKLS,,
7202.KL,HEXTAR RETAIL BERHAD,XKLS,,
7203.KL,WANG-ZHENG BERHAD,XKLS,,
7204.KL,D & O GREEN TECHNOLOGIES BERHAD,XKLS,,
7207.KL,SUCCESS TRANSFORMER CORPORATION BERHAD,XKLS,,
7208.KL,EURO HOLDINGS BERHAD,XKLS,,
7209.KL,CHEETAH HOLDINGS BERHAD,XKLS,,
7210.KL,FM GLOBAL LOGISTICS HOLDINGS BERHAD,XKLS,,
7211.KL,TAFI INDUSTRIES BERHAD,XKLS,,
7212.KL,DESTINI BERHAD,XKLS,,
7214.KL,A-RANK BERHAD,XKLS,,
7215.KL,NI HSIN GROUP BERHAD,XKLS,,
7216.KL,KAWAN FOOD BERHAD,XKLS,,
7217.KL,EONMETALL GROUP BERHAD,XKLS,,
7218.KL,ARKA BERHAD,XKLS,,
7219.KL,AIZO GROUP BERHAD,XKLS,,
7221.KL,BSL CORPORATION BERHAD,XKLS,,
7222.KL,IMASPRO CORPORATION BERHAD,XKLS,,
7223.KL,JADI IMAGING HOLDINGS BERHAD,XKLS,,
7225.KL,P.A. RESOURCES BERHAD,XKLS,,
7226.KL,WATTA HOLDING BERHAD,XKLS,,
7227.KL,UMS-NEIKEN GROUP BERHAD,XKLS,,
7228.KL,T7 GLOBAL BERHAD,XKLS,,
7229.KL,FAVELLE FAVCO BERHAD,XKLS,,
7230.KL,TOMEI CONSOLIDATED BERHAD,XKLS,,
7231.KL,WELLCALL HOLDINGS BERHAD,XKLS,,
7232.KL,RESINTECH BERHAD,XKLS,,
7233.KL,DUFU TECHNOLOGY CORP. BERHAD,XKLS,,
7234.KL,LOTUS CIRCULAR BERHAD,XKLS,,
7235.KL,SUPERLON HOLDINGS BERHAD,XKLS,,
7237.KL,POWER ROOT BERHAD,XKLS,,
7239.KL,SCANWOLF CORPORATION BERHAD,XKLS,,
7240.KL,INFRAHARTA HOLDINGS BERHAD,XKLS,,
7241.KL,NEXTGREEN GLOBAL BERHAD,XKLS,,
7243.KL,MAGMA GROUP BERHAD,XKLS,,
7245.KL,CITAGLOBAL BERHAD,XKLS,,
7246.KL,SIGNATURE INTERNATIONAL BERHAD,XKLS,,
7247.KL,SCGM BHD,XKLS,,
7248.KL,SLP RESOURCES BERHAD,XKLS,,
7249.KL,SKYGATE SOLUTIONS BERHAD,XKLS,,
7250.KL,UZMA BERHAD,XKLS,,
7252.KL,TEO SENG CAPITAL BERHAD,XKLS,,
7253.KL,HANDAL ENERGY BERHAD,XKLS,,
7277.KL,DIALOG GROUP BERHAD,XKLS,,MYL7277OO000
7285.KL,TOMYPAK HOLDINGS BERHAD,XKLS,,
7293.KL,YINSON HOLDINGS BERHAD,XKLS,,
7315.KL,AHB HOLDINGS BERHAD,XKLS,,
7323.KL,KEN HOLDINGS BERHAD,XKLS,,
7374.KL,TIEN WAH PRESS HOLDINGS BERHAD,XKLS,,
7382.KL,GOLDEN LAND BERHAD,XKLS,,
7412.KL,SHH RESOURCES HOLDINGS BERHAD,XKLS,,
7439.KL,TECK GUAN PERDANA BERHAD,XKLS,,
7471.KL,EDEN INC. BERHAD,XKLS,,
7498.KL,RALCO CORPORATION BERHAD,XKLS,,
7501.KL,HARN LEN CORPORATION BHD,XKLS,,
7528.KL,DKLS INDUSTRIES BHD,XKLS,,
7544.KL,QUALITY CONCRETE HOLDINGS BERHAD,XKLS,,
7579.KL,AWC BERHAD,XKLS,,
7595.KL,MGB BERHAD,XKLS,,
7609.KL,AJIYA BERHAD,XKLS,,
7617.KL,MAGNA PRIMA BERHAD,XKLS,,
7668.KL,BESHOM HOLDINGS BERHAD,XKLS,,
7676.KL,G CAPITAL BERHAD,XKLS,,
7692.KL,MYTECH GROUP BERHAD,XKLS,,
7722.KL,ASIA BRANDS BERHAD,XKLS,,
7757.KL,UPA CORPORATION BHD,XKLS,,
7765.KL,RAPID SYNERGY BERHAD,XKLS,,
7773.KL,EP MANUFACTURING BHD,XKLS,,
7803.KL,HEXTAR HEALTHCARE BERHAD,XKLS,,
7811.KL,SAPURA INDUSTRIAL BERHAD,XKLS,,
7854.KL,TIMBERWELL BERHAD,XKLS,,
7889.KL,THRIVEN GLOBAL BERHAD,XKLS,,
7935.KL,MILUX CORPORATION BERHAD,XKLS,,
7943.KL,GREENTRONICS TECHNOLOGY BERHAD,XKLS,,
7986.KL,CN ASIA CORPORATION BHD,XKLS,,
8044.KL,COMPUTER FORMS (MALAYSIA) BERHAD,XKLS,,
8052.KL,CENTRAL GLOBAL BERHAD,XKLS,,
8079.KL,LEE SWEE KIAT GROUP BERHAD,XKLS,,
8117.KL,PGF CAPITAL BERHAD,XKLS,,
8133.KL,BOUSTEAD HEAVY INDUSTRIES CORPORATION BHD,XKLS,,
8141.KL,MAJUPERAK HOLDINGS BERHAD,XKLS,,
8176.KL,WAVEFRONT BERHAD,XKLS,,
8192.KL,MERCURY INDUSTRIES BERHAD,XKLS,,
8206.KL,ECO WORLD DEVELOPMENT GROUP BERHAD,XKLS,,
8273.KL,PUBLIC PACKAGES HOLDINGS BHD,XKLS,,
8303.KL,LOTUS KFM BERHAD,XKLS,,
8311.KL,PESONA METRO HOLDINGS BERHAD,XKLS,,
8338.KL,DATAPREP HOLDINGS BHD,XKLS,,
8346.KL,PERAK CORPORATION BERHAD,XKLS,,
8362.KL,KYM HOLDINGS BERHAD,XKLS,,
8397.KL,TIONG NAM LOGISTICS HOLDINGS BERHAD,XKLS,,
8419.KL,PANSAR BERHAD,XKLS,,
8435.KL,CONCRETE ENGINEERING PRODUCTS BERHAD,XKLS,,
8443.KL,HIL INDUSTRIES BERHAD,XKLS,,
8478.KL,HWA TAI INDUSTRIES BERHAD,XKLS,,
8486.KL,LION POSIM BERHAD,XKLS,,
8494.KL,LBI CAPITAL BERHAD,XKLS,,
8524.KL,TALIWORKS CORPORATION BERHAD,XKLS,,
8532.KL,PERTAMA DIGITAL BERHAD,XKLS,,
8567.KL,SALCON BERHAD,XKLS,,
8583.KL,MAH SING GROUP BERHAD,XKLS,,
8591.KL,CREST BUILDER HOLDINGS BERHAD,XKLS,,
8605.KL,FEDERAL INTERNATIONAL HOLDINGS BERHAD,XKLS,,
8613.KL,ENRA GROUP BERHAD,XKLS,,
8621.KL,LPI CAPITAL BHD,XKLS,,
8648.KL,JASA KITA BERHAD,XKLS,,
8664.KL,S P SETIA BERHAD,XKLS,,
8672.KL,KAMDAR GROUP (M) BERHAD,XKLS,,
8702.KL,TEXCHEM RESOURCES BERHAD,XKLS,,
8745.KL,S & F CAPITAL BERHAD,XKLS,,
8869.KL,PRESS METAL ALUMINIUM HOLDINGS BERHAD,XKLS,,MYL8869OO000
8877.KL,EKOVEST BERHAD,XKLS,,
8885.KL,AVILLION BERHAD,XKLS,,
8893.KL,MK LAND HOLDINGS BERHAD,XKLS,,
8907.KL,EG INDUSTRIES BERHAD,XKLS,,
8923.KL,JIANKUN INTERNATIONAL BERHAD,XKLS,,
8966.KL,TECHBASE INDUSTRIES BERHAD,XKLS,,
8982.KL,CEPATWAWASAN GROUP BERHAD,XKLS,,
9008.KL,OMESTI BERHAD,XKLS,,
9016.KL,EKSONS CORPORATION BERHAD,XKLS,,
9059.KL,TSH RESOURCES BERHAD,XKLS,,
9075.KL,THETA EDGE BERHAD,XKLS,,
9083.KL,KUMPULAN JETSON BERHAD,XKLS,,
9091.KL,EMICO HOLDINGS BERHAD,XKLS,,
9113.KL,ICONIC WORLDWIDE BERHAD,XKLS,,
9121.KL,KPS CONSORTIUM BERHAD,XKLS,,
9148.KL,GREATER BAY HOLDINGS BERHAD,XKLS,,
9172.KL,FORMOSA PROSONIC INDUSTRIES BERHAD,XKLS,,
9199.KL,LYSAGHT GALVANIZED STEEL BERHAD,XKLS,,
9237.KL,SARAWAK CONSOLIDATED INDUSTRIES BERHAD,XKLS,,
9261.KL,GADANG HOLDINGS BHD,XKLS,,
9288.KL,BONIA CORPORATION BERHAD,XKLS,,
9296.KL,RCE CAPITAL BERHAD,XKLS,,
9318.KL,FITTERS DIVERSIFIED BERHAD,XKLS,,
9326.KL,LB ALUMINIUM BERHAD,XKLS,,
9334.KL,KESM INDUSTRIES BERHAD,XKLS,,
9369.KL,TEO GUAN LEE CORPORATION BERHAD,XKLS,,
9377.KL,FSBM HOLDINGS BERHAD,XKLS,,
9385.KL,LAY HONG BERHAD,XKLS,,
9393.KL,INDUSTRONICS BERHAD,XKLS,,
9407.KL,PARAGON UNION BERHAD,XKLS,,
9423.KL,CWG HOLDINGS BERHAD,XKLS,,
9431.KL,SENI JAYA CORPORATION BERHAD,XKLS,,
9466.KL,KKB ENGINEERING BERHAD,XKLS,,
9539.KL,MULTI-USAGE HOLDINGS BERHAD,XKLS,,
9571.KL,MITRAJAYA HOLDINGS BERHAD,XKLS,,
9598.KL,PINTARAS JAYA BHD,XKLS,,
9601.KL,HO WAH GENTING BERHAD,XKLS,,
9628.KL,LEBTECH BERHAD,XKLS,,
9679.KL,WCT HOLDINGS BERHAD,XKLS,,
9687.KL,IDEAL CAPITAL BERHAD,XKLS,,
9695.KL,PLS PLANTATIONS BERHAD,XKLS,,
9717.KL,SYCAL VENTURES BERHAD,XKLS,,
9741.KL,ROHAS TECNIC BERHAD,XKLS,,
9776.KL,RIVERTREE STF SYNERGIES BERHAD,XKLS,,
9792.KL,SEG INTERNATIONAL BHD,XKLS,,
9814.KL,BERTAM ALLIANCE BERHAD,XKLS,,
9822.KL,SAM ENGINEERING & EQUIPMENT (M) BERHAD,XKLS,,
9873.KL,PRESTAR RESOURCES BERHAD,XKLS,,
9881.KL,LEADER STEEL HOLDINGS BERHAD,XKLS,,
9938.KL,BRIGHT PACKAGING INDUSTRY BERHAD,XKLS,,
9946.KL,ETA GROUP BERHAD,XKLS,,
9954.KL,RGT BERHAD,XKLS,,
9962.KL,GROMUTUAL BERHAD,XKLS,,
9997.KL,PENSONIC HOLDINGS BERHAD,XKLS,,
